<rLoteDE xmlns="http://ekuatia.set.gov.py/sifen/xsd"><rDE xmlns:xsi="http://www.w3.org/2001/XMLSchema-instance" Id="rDE01800455473701001000000120260118113104123456789" xsi:schemaLocation="http://ekuatia.set.gov.py/sifen/xsd siRecepDE_v150.xsd"><dVerFor>150</dVerFor><DE Id="01800455473701001000000120260118113104123456789"><dDVId>1</dDVId><dFecFirma>2020-05-01T14:01:50</dFecFirma><dSisFact>1</dSisFact><gOpeDE><iTipEmi>1</iTipEmi><dDesTipEmi>Normal</dDesTipEmi><dCodSeg>000000023</dCodSeg><dInfoEmi>1</dInfoEmi><dInfoFisc>Información de interés del Fisco respecto al DE</dInfoFisc></gOpeDE><gTimb><iTiDE>1</iTiDE><dDesTiDE>Factura electrónica</dDesTiDE><dNumTim>12345678</dNumTim><dEst>001</dEst><dPunExp>001</dPunExp><dNumDoc>1000050</dNumDoc><dSerieNum>AB</dSerieNum><dFeIniT>2019-08-13</dFeIniT></gTimb><gDatGralOpe><dFeEmiDE>2020-05-07T15:03:57</dFeEmiDE><gOpeCom><iTipTra>1</iTipTra><dDesTipTra>Venta de mercadería</dDesTipTra><iTImp>1</iTImp><dDesTImp>IVA</dDesTImp><cMoneOpe>PYG</cMoneOpe><dDesMoneOpe>Guarani</dDesMoneOpe></gOpeCom><gEmis><dRucEm>4554737</dRucEm><dDVEmi>8</dDVEmi><iTipCont>2</iTipCont><cTipReg>3</cTipReg><dNomEmi>Industrias Feris S.A.</dNomEmi><dDirEmi>CALLE 1 CASI CALLE 2</dDirEmi><dNumCas>0</dNumCas><cDepEmi>1</cDepEmi><dDesDepEmi>CAPITAL</dDesDepEmi><cCiuEmi>1</cCiuEmi><dDesCiuEmi>ASUNCION (DISTRITO)</dDesCiuEmi><dTelEmi>012123456</dTelEmi><dEmailE>correo@correo.com</dEmailE><gActEco><cActEco>46510</cActEco><dDesActEco>COMERCIO AL POR MAYOR DE EQUIPOS INFORMÁTICOS Y SOFTWARE</dDesActEco></gActEco></gEmis><gDatRec><iNatRec>1</iNatRec><iTiOpe>1</iTiOpe><cPaisRec>PRY</cPaisRec><dDesPaisRe>Paraguay</dDesPaisRe><iTiContRec>2</iTiContRec><dRucRec>4567890</dRucRec><dDVRec>1</dDVRec><dNomRec>RECEPTOR DEL DOCUMENTO</dNomRec><dDirRec>CALLE 1 ENTRE CALLE 2 Y CALLE 3</dDirRec><dNumCasRec>123</dNumCasRec><cDepRec>1</cDepRec><dDesDepRec>CAPITAL</dDesDepRec><cDisRec>1</cDisRec><dDesDisRec>ASUNCION (DISTRITO)</dDesDisRec><cCiuRec>1</cCiuRec><dDesCiuRec>ASUNCION (DISTRITO)</dDesCiuRec><dTelRec>012123456</dTelRec><dCodCliente>AAA</dCodCliente></gDatRec></gDatGralOpe><gDtipDE><gCamFE><iIndPres>1</iIndPres><dDesIndPres>Operación presencial</dDesIndPres></gCamFE><gCamCond><iCondOpe>2</iCondOpe><dDCondOpe>Crédito</dDCondOpe><gPagCred><iCondCred>1</iCondCred><dDCondCred>Plazo</dDCondCred><dPlazoCre>28</dPlazoCre></gPagCred></gCamCond><gCamItem><dCodInt>CAC/CTAC</dCodInt><dDesProSer>CUENTAS ACTIVAS</dDesProSer><cUniMed>77</cUniMed><dDesUniMed>UNI</dDesUniMed><dCantProSer>1</dCantProSer><dInfItem>21</dInfItem><gValorItem><dPUniProSer>1100000</dPUniProSer><dTotBruOpeItem>1100000</dTotBruOpeItem><gValorRestaItem><dDescItem>0</dDescItem><dPorcDesIt>0</dPorcDesIt><dDescGloItem>0</dDescGloItem><dTotOpeItem>1100000</dTotOpeItem></gValorRestaItem></gValorItem><gCamIVA><iAfecIVA>1</iAfecIVA><dDesAfecIVA>Gravado IVA</dDesAfecIVA><dPropIVA>100</dPropIVA><dTasaIVA>10</dTasaIVA><dBasGravIVA>1000000</dBasGravIVA><dLiqIVAItem>100000</dLiqIVAItem></gCamIVA></gCamItem><gCamItem><dCodInt>TAU/TAUR</dCodInt><dDesProSer>TARJETA URGENTE</dDesProSer><cUniMed>77</cUniMed><dDesUniMed>UNI</dDesUniMed><dCantProSer>1</dCantProSer><gValorItem><dPUniProSer>1100000</dPUniProSer><dTotBruOpeItem>1100000</dTotBruOpeItem><gValorRestaItem><dDescItem>0</dDescItem><dPorcDesIt>0</dPorcDesIt><dDescGloItem>0</dDescGloItem><dTotOpeItem>1100000</dTotOpeItem></gValorRestaItem></gValorItem><gCamIVA><iAfecIVA>1</iAfecIVA><dDesAfecIVA>Gravado IVA</dDesAfecIVA><dPropIVA>100</dPropIVA><dTasaIVA>10</dTasaIVA><dBasGravIVA>1000000</dBasGravIVA><dLiqIVAItem>100000</dLiqIVAItem></gCamIVA></gCamItem><gCamEsp><gGrupAdi><dCiclo>DICIEMBRE</dCiclo><dFecIniC>2018-11-23</dFecIniC><dFecFinC>2018-12-17</dFecFinC></gGrupAdi></gCamEsp><gTransp><iModTrans>1</iModTrans><dDesModTrans>Terrestre</dDesModTrans><iRespFlete>2</iRespFlete><dNuDespImp>1234567891asfdcs</dNuDespImp></gTransp></gDtipDE><gTotSub><dSubExe>0</dSubExe><dSubExo>0</dSubExo><dSub5>0</dSub5><dSub10>2200000</dSub10><dTotOpe>2200000</dTotOpe><dTotDesc>0</dTotDesc><dTotDescGlotem>0</dTotDescGlotem><dTotAntItem>0</dTotAntItem><dTotAnt>0</dTotAnt><dPorcDescTotal>0</dPorcDescTotal><dDescTotal>0.0</dDescTotal><dAnticipo>0</dAnticipo><dRedon>0.0</dRedon><dTotGralOpe>2200000</dTotGralOpe><dIVA5>0</dIVA5><dIVA10>200000</dIVA10><dTotIVA>200000</dTotIVA><dBaseGrav5>0</dBaseGrav5><dBaseGrav10>2000000</dBaseGrav10><dTBasGraIVA>2000000</dTBasGraIVA></gTotSub></DE><Signature xmlns="http://www.w3.org/2000/09/xmldsig#"/><gCamFuFD><dCarQR>https://ekuatia.set.gov.py/consultas-test/qr?nVersion=150&amp;amp;Id=01000000019001001100005022020050710000000231&amp;amp;dFeEmiDE=323032302d30352d30375431353a30333a3537&amp;amp;dRucRec=00000002&amp;amp;dTotGralOpe=2200000&amp;amp;dTotIVA=200000&amp;amp;cItems=2&amp;amp;DigestValue=346b6f4a61715857704f6e64334971754d5331733776626e426149705973316435586a53572b6e337549343d&amp;amp;IdCSC=0001&amp;amp;cHashQR=67b07c782077eef44677e4d2f239cb111aea97d6f6ba177188eed0e06e6d3df9</dCarQR></gCamFuFD></rDE></rLoteDE>